[
{
  "model": "sessions.session",
  "pk": "13v1iizfcuxnoubdg295kddnbefnc3xt",
  "fields": {
    "session_data": ".eJxVjEEOwiAQRe_C2hCHdqC4dN8zkAEGqRpISrsy3l1JutDkr_57eS_haN-y2xuvboniIkCcfj9P4cGlg3incqsy1LKti5ddkQdtcq6Rn9fD_QtkarlnAZliCga8Js0qaDB2GBNSxKTsecIwGMVeM-Dogb6bEujAxjIiR_H-APApOGE:1ur5ei:6pEEGbgll_ae-3VjLbwPkISAQg7x5ZRHZRfOF925D5Q",
    "expire_date": "2025-09-10T02:12:56.639Z"
  }
},
{
  "model": "sessions.session",
  "pk": "1wikgwephokndqikf7vwxvawkunckhx4",
  "fields": {
    "session_data": ".eJxVjMsOwiAQRf-FtSGdKfJw6b7fQAYYpGogKe3K-O_apAvd3nPOfQlP21r81nnxcxIXAeL0uwWKD647SHeqtyZjq-syB7kr8qBdTi3x83q4fweFevnWdgCDCrMBTQwqD0lnBOOATFDoRrSYA2gFORrgM40xO2a0lp1yoyHx_gC46Dcd:1uoxM2:sZD5656B5wJ5X4BvSadQ4oTQArdDjcsrX-3tHyGyrcA",
    "expire_date": "2025-09-04T04:56:50.834Z"
  }
},
{
  "model": "sessions.session",
  "pk": "8zufazvkbd40jon39rmkml37q6ou6rtr",
  "fields": {
    "session_data": ".eJxVjMsOwiAQRf-FtSGdKfJw6b7fQAYYpGogKe3K-O_apAvd3nPOfQlP21r81nnxcxIXAeL0uwWKD647SHeqtyZjq-syB7kr8qBdTi3x83q4fweFevnWdgCDCrMBTQwqD0lnBOOATFDoRrSYA2gFORrgM40xO2a0lp1yoyHx_gC46Dcd:1un5ht:5R-xIdL7LewNHNay66X5jA_VYRpV9KyAwiz7850_XLI",
    "expire_date": "2025-08-30T01:27:41.994Z"
  }
},
{
  "model": "sessions.session",
  "pk": "gk9hj5z2ju4pyfb8llwf64pq7b7ycx92",
  "fields": {
    "session_data": ".eJxVjMsOwiAQRf-FtSGdKfJw6b7fQAYYpGogKe3K-O_apAvd3nPOfQlP21r81nnxcxIXAeL0uwWKD647SHeqtyZjq-syB7kr8qBdTi3x83q4fweFevnWdgCDCrMBTQwqD0lnBOOATFDoRrSYA2gFORrgM40xO2a0lp1yoyHx_gC46Dcd:1upHIq:7zUa7texUJGtTEdiCF0BUcCa8tPHNjZbuNk5qssjQ4s",
    "expire_date": "2025-09-05T02:14:52.324Z"
  }
},
{
  "model": "sessions.session",
  "pk": "lubuehprxmonx811zv1qmydys7zp6gqe",
  "fields": {
    "session_data": ".eJxVjMsOwiAQRf-FtSGdKfJw6b7fQAYYpGogKe3K-O_apAvd3nPOfQlP21r81nnxcxIXAeL0uwWKD647SHeqtyZjq-syB7kr8qBdTi3x83q4fweFevnWdgCDCrMBTQwqD0lnBOOATFDoRrSYA2gFORrgM40xO2a0lp1yoyHx_gC46Dcd:1ukxVc:NvsucE3Gwzvdo_XJpmYy5DPuYxTiN5qNjeQNKlWzZaA",
    "expire_date": "2025-08-24T04:18:12.489Z"
  }
},
{
  "model": "sessions.session",
  "pk": "zhjxymfe6tam6x8bz6p04g84rtsnqksw",
  "fields": {
    "session_data": ".eJxVjMsOwiAQRf-FtSGdKfJw6b7fQAYYpGogKe3K-O_apAvd3nPOfQlP21r81nnxcxIXAeL0uwWKD647SHeqtyZjq-syB7kr8qBdTi3x83q4fweFevnWdgCDCrMBTQwqD0lnBOOATFDoRrSYA2gFORrgM40xO2a0lp1yoyHx_gC46Dcd:1umP0N:G3AGWwNCoKoJJp5NQDkYWUkEoD8avcVBnVML5vdhVaQ",
    "expire_date": "2025-08-28T03:51:55.321Z"
  }
},
{
  "model": "tracker.patient",
  "pk": 1,
  "fields": {
    "user": 1,
    "monthly_limit": 90,
    "monthly_target": 60
  }
},
{
  "model": "tracker.sponsor",
  "pk": 1,
  "fields": {
    "name": "GROW"
  }
},
{
  "model": "tracker.sponsor",
  "pk": 2,
  "fields": {
    "name": "Cherry Co"
  }
},
{
  "model": "tracker.sponsor",
  "pk": 3,
  "fields": {
    "name": "Superbly Green"
  }
},
{
  "model": "tracker.sponsor",
  "pk": 4,
  "fields": {
    "name": "Spyn by Hale Farm"
  }
},
{
  "model": "tracker.sponsor",
  "pk": 5,
  "fields": {
    "name": "Curo"
  }
},
{
  "model": "tracker.sponsor",
  "pk": 6,
  "fields": {
    "name": "Indimed"
  }
},
{
  "model": "tracker.product",
  "pk": 1,
  "fields": {
    "name": "Karel's Haze",
    "sponsor": 1,
    "product_weight": 10.0,
    "catalyst_id": "691609c3-c792-42bb-b844-6f0d05469b50",
    "strain": "Karel's Haze",
    "thc": 0.22,
    "cbd": 0.01,
    "cbg": 0.0,
    "cbv": 0.0,
    "cbc": 0.0,
    "thcv": 0.0
  }
},
{
  "model": "tracker.product",
  "pk": 2,
  "fields": {
    "name": "Little Buddies THC 26 Sativa",
    "sponsor": 2,
    "product_weight": 15.0,
    "catalyst_id": "951c2f0c-553f-4e29-80c7-3ec6deb69a9f",
    "strain": "",
    "thc": 0.26,
    "cbd": 0.0,
    "cbg": 0.0,
    "cbv": 0.0,
    "cbc": 0.0,
    "thcv": 0.0
  }
},
{
  "model": "tracker.product",
  "pk": 3,
  "fields": {
    "name": "The Geoffrey",
    "sponsor": 4,
    "product_weight": 15.0,
    "catalyst_id": "3cfb8f86-f540-4424-9c19-8108c114f697",
    "strain": "The Geoffrey",
    "thc": 0.0,
    "cbd": 0.0,
    "cbg": 0.13,
    "cbv": 0.0,
    "cbc": 0.0,
    "thcv": 0.0
  }
},
{
  "model": "tracker.product",
  "pk": 4,
  "fields": {
    "name": "OG Chem",
    "sponsor": 5,
    "product_weight": 10.0,
    "catalyst_id": "71fc13d3-3cdc-4b15-915e-a0e56b67148c",
    "strain": "Chem OG",
    "thc": 0.28,
    "cbd": 0.01,
    "cbg": 0.0,
    "cbv": 0.0,
    "cbc": 0.0,
    "thcv": 0.0
  }
},
{
  "model": "tracker.product",
  "pk": 5,
  "fields": {
    "name": "Tempo 22 Lemon Laser (Sativa)",
    "sponsor": 6,
    "product_weight": 15.0,
    "catalyst_id": "6af22761-7e2d-43e0-8b53-eb7acee452f9",
    "strain": "",
    "thc": 0.22,
    "cbd": 0.01,
    "cbg": 0.0,
    "cbv": 0.0,
    "cbc": 0.0,
    "thcv": 0.0
  }
},
{
  "model": "tracker.batch",
  "pk": 1,
  "fields": {
    "product": 1,
    "identifier": "PN23006-03",
    "strain": "Karel's Haze"
  }
},
{
  "model": "tracker.batch",
  "pk": 2,
  "fields": {
    "product": 2,
    "identifier": "MP25-3020",
    "strain": "Ghost Train Haze"
  }
},
{
  "model": "tracker.container",
  "pk": 1,
  "fields": {
    "product": 1,
    "batch": 1,
    "dispensed": "2025-08-04",
    "patient": 1,
    "opened": "2025-08-08",
    "finished": "2025-08-19",
    "include_container_weight": true,
    "include_lid_weight": false,
    "include_humidity_pack_weight": false,
    "initial_gross": 16.9,
    "cost": "60.00"
  }
},
{
  "model": "tracker.container",
  "pk": 2,
  "fields": {
    "product": 2,
    "batch": 2,
    "dispensed": "2025-08-02",
    "patient": 1,
    "opened": "2025-08-02",
    "finished": "2025-08-20",
    "include_container_weight": true,
    "include_lid_weight": false,
    "include_humidity_pack_weight": false,
    "initial_gross": 23.2,
    "cost": "89.00"
  }
},
{
  "model": "tracker.container",
  "pk": 3,
  "fields": {
    "product": 1,
    "batch": 1,
    "dispensed": "2025-08-02",
    "patient": 1,
    "opened": "2025-08-20",
    "finished": null,
    "include_container_weight": true,
    "include_lid_weight": false,
    "include_humidity_pack_weight": false,
    "initial_gross": 16.9,
    "cost": "60.00"
  }
},
{
  "model": "tracker.container",
  "pk": 4,
  "fields": {
    "product": 1,
    "batch": null,
    "dispensed": null,
    "patient": 1,
    "opened": "2025-07-27",
    "finished": "2025-08-10",
    "include_container_weight": true,
    "include_lid_weight": false,
    "include_humidity_pack_weight": false,
    "initial_gross": 16.8,
    "cost": "60.00"
  }
},
{
  "model": "tracker.container",
  "pk": 5,
  "fields": {
    "product": 4,
    "batch": null,
    "dispensed": "2025-08-22",
    "patient": 1,
    "opened": "2025-08-24",
    "finished": null,
    "include_container_weight": true,
    "include_lid_weight": false,
    "include_humidity_pack_weight": true,
    "initial_gross": 43.0,
    "cost": "69.00"
  }
},
{
  "model": "tracker.container",
  "pk": 6,
  "fields": {
    "product": 5,
    "batch": null,
    "dispensed": "2025-08-22",
    "patient": 1,
    "opened": "2025-08-22",
    "finished": null,
    "include_container_weight": true,
    "include_lid_weight": false,
    "include_humidity_pack_weight": false,
    "initial_gross": 48.5,
    "cost": "99.00"
  }
},
{
  "model": "tracker.container",
  "pk": 7,
  "fields": {
    "product": 4,
    "batch": null,
    "dispensed": "2025-08-01",
    "patient": 1,
    "opened": "2025-08-01",
    "finished": null,
    "include_container_weight": true,
    "include_lid_weight": false,
    "include_humidity_pack_weight": true,
    "initial_gross": 43.0,
    "cost": "69.00"
  }
},
{
  "model": "tracker.measurement",
  "pk": 1,
  "fields": {
    "container": 1,
    "timestamp": "2025-08-10T03:12:34Z",
    "weight": 15.5,
    "initial": false,
    "final": false
  }
},
{
  "model": "tracker.measurement",
  "pk": 2,
  "fields": {
    "container": 1,
    "timestamp": "2025-08-10T05:23:07Z",
    "weight": 14.5,
    "initial": false,
    "final": false
  }
},
{
  "model": "tracker.measurement",
  "pk": 3,
  "fields": {
    "container": 2,
    "timestamp": "2025-08-10T10:10:45Z",
    "weight": 16.5,
    "initial": false,
    "final": false
  }
},
{
  "model": "tracker.measurement",
  "pk": 4,
  "fields": {
    "container": 2,
    "timestamp": "2025-08-20T05:16:50Z",
    "weight": 8.0,
    "initial": false,
    "final": true
  }
},
{
  "model": "tracker.measurement",
  "pk": 5,
  "fields": {
    "container": 1,
    "timestamp": "2025-08-19T07:46:23Z",
    "weight": 6.9,
    "initial": false,
    "final": true
  }
},
{
  "model": "tracker.measurement",
  "pk": 6,
  "fields": {
    "container": 1,
    "timestamp": "2025-08-08T20:00:00Z",
    "weight": 16.9,
    "initial": true,
    "final": false
  }
},
{
  "model": "tracker.measurement",
  "pk": 7,
  "fields": {
    "container": 2,
    "timestamp": "2025-08-12T02:00:00Z",
    "weight": 14.8,
    "initial": false,
    "final": false
  }
},
{
  "model": "tracker.measurement",
  "pk": 9,
  "fields": {
    "container": 2,
    "timestamp": "2025-08-14T07:54:01Z",
    "weight": 12.5,
    "initial": false,
    "final": false
  }
},
{
  "model": "tracker.measurement",
  "pk": 10,
  "fields": {
    "container": 2,
    "timestamp": "2025-08-18T07:54:46Z",
    "weight": 9.1,
    "initial": false,
    "final": false
  }
},
{
  "model": "tracker.measurement",
  "pk": 11,
  "fields": {
    "container": 1,
    "timestamp": "2025-08-12T07:55:30Z",
    "weight": 13.8,
    "initial": false,
    "final": false
  }
},
{
  "model": "tracker.measurement",
  "pk": 12,
  "fields": {
    "container": 1,
    "timestamp": "2025-08-16T07:56:35Z",
    "weight": 9.6,
    "initial": false,
    "final": false
  }
},
{
  "model": "tracker.measurement",
  "pk": 13,
  "fields": {
    "container": 3,
    "timestamp": "2025-08-19T07:59:38Z",
    "weight": 16.9,
    "initial": true,
    "final": false
  }
},
{
  "model": "tracker.measurement",
  "pk": 14,
  "fields": {
    "container": 3,
    "timestamp": "2025-08-21T08:00:03Z",
    "weight": 15.1,
    "initial": false,
    "final": false
  }
},
{
  "model": "tracker.measurement",
  "pk": 15,
  "fields": {
    "container": 2,
    "timestamp": "2025-08-13T08:01:52Z",
    "weight": 13.7,
    "initial": false,
    "final": false
  }
},
{
  "model": "tracker.measurement",
  "pk": 16,
  "fields": {
    "container": 1,
    "timestamp": "2025-08-13T08:04:03Z",
    "weight": 12.0,
    "initial": false,
    "final": false
  }
},
{
  "model": "tracker.measurement",
  "pk": 17,
  "fields": {
    "container": 3,
    "timestamp": "2025-08-21T22:24:33Z",
    "weight": 13.4,
    "initial": false,
    "final": false
  }
},
{
  "model": "tracker.measurement",
  "pk": 18,
  "fields": {
    "container": 2,
    "timestamp": "2025-08-03T22:25:29Z",
    "weight": 21.0,
    "initial": false,
    "final": false
  }
},
{
  "model": "tracker.measurement",
  "pk": 19,
  "fields": {
    "container": 2,
    "timestamp": "2025-08-01T22:26:15Z",
    "weight": 23.0,
    "initial": true,
    "final": false
  }
},
{
  "model": "tracker.measurement",
  "pk": 20,
  "fields": {
    "container": 2,
    "timestamp": "2025-08-06T02:00:00Z",
    "weight": 18.0,
    "initial": false,
    "final": false
  }
},
{
  "model": "tracker.measurement",
  "pk": 21,
  "fields": {
    "container": 2,
    "timestamp": "2025-08-16T04:37:00Z",
    "weight": 10.0,
    "initial": false,
    "final": false
  }
},
{
  "model": "tracker.measurement",
  "pk": 22,
  "fields": {
    "container": 3,
    "timestamp": "2025-08-22T05:48:06Z",
    "weight": 12.1,
    "initial": false,
    "final": false
  }
},
{
  "model": "tracker.measurement",
  "pk": 23,
  "fields": {
    "container": 6,
    "timestamp": "2025-08-22T08:13:18Z",
    "weight": 48.5,
    "initial": true,
    "final": false
  }
},
{
  "model": "tracker.measurement",
  "pk": 24,
  "fields": {
    "container": 6,
    "timestamp": "2025-08-24T08:47:28Z",
    "weight": 46.5,
    "initial": false,
    "final": false
  }
},
{
  "model": "tracker.measurement",
  "pk": 25,
  "fields": {
    "container": 7,
    "timestamp": "2025-08-01T00:22:44Z",
    "weight": 43.0,
    "initial": true,
    "final": false
  }
},
{
  "model": "tracker.measurement",
  "pk": 26,
  "fields": {
    "container": 7,
    "timestamp": "2025-08-09T00:24:34Z",
    "weight": 33.0,
    "initial": false,
    "final": true
  }
},
{
  "model": "tracker.measurement",
  "pk": 27,
  "fields": {
    "container": 5,
    "timestamp": "2025-08-25T22:02:55Z",
    "weight": 40.0,
    "initial": false,
    "final": false
  }
},
{
  "model": "tracker.measurement",
  "pk": 28,
  "fields": {
    "container": 6,
    "timestamp": "2025-08-25T22:03:42Z",
    "weight": 45.0,
    "initial": false,
    "final": false
  }
},
{
  "model": "tracker.measurement",
  "pk": 29,
  "fields": {
    "container": 5,
    "timestamp": "2025-08-23T22:05:59Z",
    "weight": 43.0,
    "initial": false,
    "final": false
  }
},
{
  "model": "tracker.measurement",
  "pk": 30,
  "fields": {
    "container": 3,
    "timestamp": "2025-08-25T22:08:11Z",
    "weight": 9.5,
    "initial": false,
    "final": false
  }
},
{
  "model": "tracker.measurement",
  "pk": 31,
  "fields": {
    "container": 6,
    "timestamp": "2025-08-27T10:31:59Z",
    "weight": 43.5,
    "initial": false,
    "final": false
  }
},
{
  "model": "tracker.measurement",
  "pk": 32,
  "fields": {
    "container": 3,
    "timestamp": "2025-08-27T10:33:48Z",
    "weight": 9.5,
    "initial": false,
    "final": false
  }
},
{
  "model": "tracker.measurement",
  "pk": 33,
  "fields": {
    "container": 5,
    "timestamp": "2025-08-27T10:35:43Z",
    "weight": 37.5,
    "initial": false,
    "final": false
  }
},
{
  "model": "tracker.deliverymode",
  "pk": 1,
  "fields": {
    "name": "Dry herb vaporiser",
    "user_defined": false,
    "user": null
  }
},
{
  "model": "tracker.deliverymode",
  "pk": 2,
  "fields": {
    "name": "Smoked (pure joint)",
    "user_defined": false,
    "user": null
  }
},
{
  "model": "tracker.dose",
  "pk": 1,
  "fields": {
    "container": 1,
    "timestamp": "2025-08-10T06:54:13Z",
    "mode": 2,
    "size": 1
  }
}
]
